{"cameraMode":{"drawMode":0,"name":"Shaded","section":"Shading Mode"},"sceneLighting":true,"audioPlay":false,"sceneViewState":{"m_AlwaysRefresh":false,"showFog":true,"showSkybox":true,"showFlares":true,"showImageEffects":true,"showParticleSystems":true,"showVisualEffectGraphs":true,"m_FxEnabled":true},"in2DMode":false,"pivot":{"x":169.9443817138672,"y":181.57276916503907,"z":-45.28021240234375},"rotation":{"x":0.01752093806862831,"y":-0.22891393303871156,"z":0.004120896104723215,"w":0.9732802510261536},"size":200.42141723632813,"orthographic":false}