{"cameraMode":{"drawMode":0,"name":"Shaded","section":"Shading Mode"},"sceneLighting":false,"audioPlay":false,"sceneViewState":{"showFog":true,"showMaterialUpdate":false,"showSkybox":false,"showFlares":true,"showImageEffects":true,"showParticleSystems":true},"in2DMode":false,"pivot":{"x":6.632545471191406,"y":-7.830265045166016,"z":3.2504501342773439},"rotation":{"x":-0.08701258897781372,"y":0.883394181728363,"z":-0.18165823817253114,"w":-0.4231371581554413},"size":84.82341003417969,"orthographic":false}